Minimum,Maximum,Mean
0.1469159581207144,8.827344014257905,1.9768711668333725
19.37100909879848,651.3349420569724,150.29423734454738
